{
  "global_mean_1d": -0.008281265206812657,
  "industries": {
    "白酒": {
      "count": 497,
      "mean_1d": -0.6450223340040241,
      "mean_2d": -0.4766672032193159,
      "mean_3d": -0.5306006036217304,
      "std_1d": 2.1838395902215666
    },
    "银行": {
      "count": 483,
      "mean_1d": -0.27609461697722565,
      "mean_2d": 0.04248074534161493,
      "mean_3d": -0.010003312629399581,
      "std_1d": 2.16939914158252
    },
    "保险": {
      "count": 249,
      "mean_1d": -0.03213052208835345,
      "mean_2d": 0.383006827309237,
      "mean_3d": 0.8596979919678714,
      "std_1d": 1.9750807911979615
    },
    "新能源": {
      "count": 498,
      "mean_1d": 0.6801542168674699,
      "mean_2d": 0.7685668674698796,
      "mean_3d": 0.937608032128514,
      "std_1d": 2.646037072216196
    },
    "有色": {
      "count": 248,
      "mean_1d": 0.04322177419354848,
      "mean_2d": 1.4322435483870966,
      "mean_3d": 1.806988306451613,
      "std_1d": 3.258980669603375
    },
    "券商": {
      "count": 247,
      "mean_1d": 0.26561619433198386,
      "mean_2d": 0.32471619433198384,
      "mean_3d": 0.37555627530364366,
      "std_1d": 1.690610068713096
    },
    "地产": {
      "count": 244,
      "mean_1d": 0.10846598360655738,
      "mean_2d": -0.5441844262295082,
      "mean_3d": -0.8934815573770492,
      "std_1d": 3.0003250416042113
    }
  }
}