{
  "sentiment_mse": 0.1143459918192547,
  "sentiment_r2": 0.049913715762827326,
  "price_mse": [
    5.744467882400027,
    7.2768759672613275,
    11.36478115238656
  ],
  "price_r2": [
    0.047925410796340606,
    0.008703222945003586,
    -0.00867964640920027
  ],
  "train_samples": 2466,
  "data_source": "stock_news_real.csv",
  "feature_dim": 3769
}